{
  "timestamp": "20251218_140204",
  "config": {
    "queries_count": 10,
    "iterations": 2
  },
  "statistics": {
    "rag_query": {
      "count": 20,
      "mean": 24909.34,
      "median": 25544.97,
      "stdev": 3064.77,
      "p95": 29366.14,
      "p99": 29953.18,
      "min": 19727.75,
      "max": 30099.94
    },
    "tts": {
      "count": 20,
      "mean": 2163.68,
      "median": 2088.8,
      "stdev": 239.39,
      "p95": 2504.17,
      "p99": 2762.03,
      "min": 1854.62,
      "max": 2826.5
    },
    "e2e": {
      "count": 20,
      "mean": 70643.37,
      "median": 72023.17,
      "stdev": 11057.13,
      "p95": 87290.8,
      "p99": 88342.47,
      "min": 46842.88,
      "max": 88605.38
    }
  },
  "raw_latencies": {
    "rag_query": [
      25759.38930400025,
      25713.126428000123,
      25622.017595000216,
      25763.797886000248,
      30099.93772300004,
      24316.897470000185,
      20187.65759300004,
      22754.280052000013,
      19977.528218000316,
      25467.914928000027,
      21678.599134999786,
      29000.753887999963,
      23850.720969000122,
      27515.756180000153,
      23002.70205200013,
      29327.51734700014,
      19727.750467000078,
      27100.677888000064,
      23932.74597000027,
      27386.932845000047
    ],
    "tts": [
      2487.2048759998506,
      2247.5895010002205,
      2177.0320010000432,
      2088.8777509999272,
      2392.762626000149,
      2027.7145009999913,
      2152.131375999943,
      1954.4558759998836,
      1854.6235419998993,
      2006.976375999784,
      1944.214042999647,
      2161.144000999684,
      2049.2322089999107,
      2381.52004199992,
      2088.7196259996017,
      1905.965833999744,
      2002.9498339999918,
      2826.5006679998805,
      2450.6885840000905,
      2073.340210000424
    ],
    "e2e": [
      64539.13065500001,
      73533.08257599974,
      67143.18373900006,
      75323.63886700023,
      76971.48124400018,
      80844.89528700033,
      49399.68410600022,
      68269.244781,
      56693.77027600013,
      70372.15086500009,
      77006.21978499976,
      88605.38016500004,
      67740.4401560002,
      71314.08336600043,
      73834.21032500018,
      87221.61637299997,
      46842.87773000005,
      82596.67212000022,
      61883.37082000043,
      72732.25278300015
    ]
  }
}